Objective,percentage
Capital Appreciation,65.000000000000
Growth,27.500000000000
Income,7.500000000000
